{
 "GRIFFON":  {"text": "GRIFFON", "x0": 6.005304325778976, "x1": 54.13057609988058, "top": 7.481715391619559, "doctop": 7.481715391619559, "bottom": 17.990997961732774, "upright": true, "direction": 1},
 "AVIATION": {"text": "AVIATION", "x0": 57.05039109490027, "x1": 105.92632590972426, "top": 7.481715391619559, "doctop": 7.481715391619559, "bottom": 17.990997961732774, "upright": true, "direction": 1},
 "SERVICES":  {"text": "SERVICES", "x0": 108.84614090474393, "x1": 160.8955307480912, "top": 7.481715391619559, "doctop": 7.481715391619559, "bottom": 17.990997961732774, "upright": true, "direction": 1},
 "LLC":  {"text": "LLC", "x0": 163.6445428774771, "x1": 184.7459451855733, "top": 7.481715391619559, "doctop": 7.481715391619559, "bottom": 17.990997961732774, "upright": true, "direction": 1},
 "PN:":  {"text": "PN:", "x0": 13.511934733002697, "x1": 26.52098528176466, "top": 42.12657427512448, "doctop": 42.12657427512448, "bottom": 49.63320468234818, "upright": true, "direction": 1},
 "SN:":  {"text": "SN:", "x0": 141.49998317616712, "x1": 154.50903372492908, "top": 42.12657427512448, "doctop": 42.12657427512448, "bottom": 49.63320468234818, "upright": true, "direction": 1},
 "DESCRIPTION:":  {"text": "DESCRIPTION:", "x0": 13.511934733002697, "x1": 67.80745252149512, "top": 53.38651988596007, "doctop": 53.38651988596007, "bottom": 60.893150293183766, "upright": true, "direction": 1},
 "LOCATION:": {"text": "LOCATION:", "x0": 13.511934733002697, "x1": 54.295517788492425, "top": 64.64646549679563, "doctop": 64.64646549679563, "bottom": 72.15309590401932, "upright": true, "direction": 1},
 "CONDITION:": {"text": "CONDITION:", "x0": 141.49998317616712, "x1": 186.0368814352687, "top": 64.64646549679563, "doctop": 64.64646549679563, "bottom": 72.15309590401932, "upright": true, "direction": 1},
 "RECEIVER#:": {"text": "RECEIVER#:", "x0": 13.511934733002697, "x1": 59.550159073549025, "top": 75.90641110763121, "doctop": 75.90641110763121, "bottom": 83.41304151485491, "upright": true, "direction": 1},
 "UOM:": {"text": "UOM:", "x0": 141.49998317616712, "x1": 161.26500109143043, "top": 75.90641110763121, "doctop": 75.90641110763121, "bottom": 83.41304151485491, "upright": true, "direction": 1},
 "EXP": {"text": "EXP", "x0": 13.511934733002697, "x1": 29.028079731690866, "top": 87.1663567184668, "doctop": 87.1663567184668, "bottom": 94.6729871256905, "upright": true, "direction": 1},
  "DATE:": {"text": "DATE:", "x0": 31.527847710339625, "x1": 53.54485474777005, "top": 87.1663567184668, "doctop": 87.1663567184668, "bottom": 94.6729871256905, "upright": true, "direction": 1},
 "PO:":  {"text": "PO:", "x0": 141.49998317616712, "x1": 155.25969676565146, "top": 87.1663567184668, "doctop": 87.1663567184668, "bottom": 94.6729871256905, "upright": true, "direction": 1},
 "CERT": {"text": "CERT", "x0": 13.511934733002697, "x1": 33.86120870612105, "top": 98.42630232930239, "doctop": 98.42630232930239, "bottom": 105.93293273652608, "upright": true, "direction": 1},
 "SOURCE:":  {"text": "SOURCE:", "x0": 36.031825954673856, "x1": 70.81010468438461, "top": 98.42630232930239, "doctop": 98.42630232930239, "bottom": 105.93293273652608, "upright": true, "direction": 1},
 "REC.DATE:": {"text": "REC.DATE:", "x0": 13.511934733002697, "x1": 53.54485474777005, "top": 109.68624794013797, "doctop": 109.68624794013797, "bottom": 117.19287834736167, "upright": true, "direction": 1},
 "MFG:": {"text": "MFG:", "x0": 141.49998317616712, "x1": 160.51433805070806, "top": 109.68624794013797, "doctop": 109.68624794013797, "bottom": 117.19287834736167, "upright": true, "direction": 1},
 "BATCH#":  {"text": "BATCH#", "x0": 13.511934733002697, "x1": 42.45864259107926, "top": 120.94619355097356, "doctop": 120.94619355097356, "bottom": 128.45282395819726, "upright": true, "direction": 1},
 "DOM:":  {"text": "DOM:", "x0": 141.49998317616712, "x1": 161.26500109143043, "top": 120.94619355097356, "doctop": 120.94619355097356, "bottom": 128.45282395819726, "upright": true, "direction": 1},
 "REMARK:": {"text": "REMARK:", "x0": 13.511934733002697, "x1": 48.290213462713446, "top": 132.20613916180912, "doctop": 132.20613916180912, "bottom": 139.71276956903282, "upright": true, "direction": 1},
 "LOT#": {"text": "LOT#", "x0": 141.49998317616712, "x1": 160.68807150485284, "top": 132.20613916180912, "doctop": 132.20613916180912, "bottom": 139.71276956903282, "upright": true, "direction": 1},
 "TAGGED": {"text": "TAGGED", "x0": 13.511934733002697, "x1": 45.20618942620966, "top": 143.4660847726447, "doctop": 143.4660847726447, "bottom": 150.9727151798684, "upright": true, "direction": 1},
 "BY:":  {"text": "BY:", "x0": 47.291771565509436, "x1": 59.550159073549025, "top": 143.4660847726447, "doctop": 143.4660847726447, "bottom": 150.9727151798684, "upright": true, "direction": 1},
 "NOTES:":  {"text": "NOTES:", "x0": 141.49998317616712, "x1": 170.2729575800989, "top": 143.4660847726447, "doctop": 143.4660847726447, "bottom": 150.9727151798684, "upright": true, "direction": 1},
 "Qty:": {"text": "Qty:", "x0": 17.265249936614556, "x1": 31.36144072747229, "top": 187.75520417526462, "doctop": 187.75520417526462, "bottom": 195.26183458248835, "upright": true, "direction": 1}
}